GROUP,PACKAGE,CLASS,INSTRUCTION_MISSED,INSTRUCTION_COVERED,BRANCH_MISSED,BRANCH_COVERED,LINE_MISSED,LINE_COVERED,COMPLEXITY_MISSED,COMPLEXITY_COVERED,METHOD_MISSED,METHOD_COVERED
algs4,edu.princeton.cs.algs4.collections,Vector,272,0,24,0,45,0,26,0,14,0
algs4,edu.princeton.cs.algs4.collections,Queue,132,0,12,0,30,0,14,0,8,0
algs4,edu.princeton.cs.algs4.collections,Stack,111,0,8,0,26,0,12,0,8,0
algs4,edu.princeton.cs.algs4.collections,WeightedQuickUnionUF,142,0,14,0,28,0,13,0,6,0
algs4,edu.princeton.cs.algs4.collections,Queue.LinkedIterator,38,0,4,0,9,0,6,0,4,0
algs4,edu.princeton.cs.algs4.collections,Stack.LinkedIterator,38,0,4,0,9,0,6,0,4,0
algs4,edu.princeton.cs.algs4.sorting,InsertionX,131,0,22,0,25,0,16,0,5,0
algs4,edu.princeton.cs.algs4.sorting,Heap,105,0,14,0,21,0,11,0,4,0
algs4,edu.princeton.cs.algs4.sorting,Merge,347,0,50,0,50,0,35,0,10,0
algs4,edu.princeton.cs.algs4.sorting,Selection,219,0,42,0,33,0,31,0,10,0
algs4,edu.princeton.cs.algs4.beyond,FibonacciMinPQ.MyIterator,61,0,8,0,15,0,9,0,5,0
algs4,edu.princeton.cs.algs4.beyond,IndexFibonacciMinPQ,811,0,118,0,159,0,81,0,22,0
algs4,edu.princeton.cs.algs4.beyond,IndexMultiwayMinPQ.MyComparator,11,0,0,0,2,0,2,0,2,0
algs4,edu.princeton.cs.algs4.beyond,IndexFibonacciMinPQ.Node,6,0,0,0,1,0,1,0,1,0
algs4,edu.princeton.cs.algs4.beyond,IndexFibonacciMinPQ.MyIterator,65,0,8,0,9,0,8,0,4,0
algs4,edu.princeton.cs.algs4.beyond,IndexFibonacciMinPQ.MyComparator,11,0,0,0,2,0,2,0,2,0
algs4,edu.princeton.cs.algs4.beyond,IndexBinomialMinPQ.MyComparator,11,0,0,0,2,0,2,0,2,0
algs4,edu.princeton.cs.algs4.beyond,IndexBinomialMinPQ.MyIterator,91,0,6,0,17,0,8,0,5,0
algs4,edu.princeton.cs.algs4.beyond,IndexBinomialMinPQ,861,0,126,0,174,0,88,0,25,0
algs4,edu.princeton.cs.algs4.beyond,FibonacciMinPQ.Node,6,0,0,0,1,0,1,0,1,0
algs4,edu.princeton.cs.algs4.beyond,BinomialMinPQ,446,0,60,0,91,0,45,0,15,0
algs4,edu.princeton.cs.algs4.beyond,MultiwayMinPQ,527,0,48,0,84,0,41,0,17,0
algs4,edu.princeton.cs.algs4.beyond,BinomialMinPQ.MyComparator,11,0,0,0,2,0,2,0,2,0
algs4,edu.princeton.cs.algs4.beyond,MultiwayMinPQ.MyIterator,69,0,6,0,11,0,7,0,4,0
algs4,edu.princeton.cs.algs4.beyond,IndexBinomialMinPQ.Node,6,0,0,0,1,0,1,0,1,0
algs4,edu.princeton.cs.algs4.beyond,IndexMultiwayMinPQ.MyIterator,72,0,6,0,9,0,7,0,4,0
algs4,edu.princeton.cs.algs4.beyond,IndexMultiwayMinPQ,762,0,86,0,101,0,63,0,20,0
algs4,edu.princeton.cs.algs4.beyond,BinomialMinPQ.MyIterator,74,0,6,0,14,0,8,0,5,0
algs4,edu.princeton.cs.algs4.beyond,FibonacciMinPQ,495,0,50,0,100,0,42,0,17,0
algs4,edu.princeton.cs.algs4.beyond,BinomialMinPQ.Node,6,0,0,0,1,0,1,0,1,0
algs4,edu.princeton.cs.algs4.beyond,FibonacciMinPQ.MyComparator,11,0,0,0,2,0,2,0,2,0
algs4,edu.princeton.cs.algs4.beyond,MultiwayMinPQ.MyComparator,11,0,0,0,2,0,2,0,2,0
